{"cider": [0.18211683052505423, 0.2182945299181038, 0.24839918881140965, 0.25330826646803867, 0.26105041462946965, 0.2635905083407505, 0.2796614382884991, 0.2709257216532705, 0.2684895743304361, 0.2539806273411303], "rouge": [0.3040509014876496, 0.3219916734513366, 0.3490204263556138, 0.3443835625269796, 0.3481878388985159, 0.34554973531624295, 0.3529595672294261, 0.3475925181820692, 0.34611299110734906, 0.33801988560101087], "bleu": [[0.4388033204980692, 0.28023202663339253, 0.1787615122728813, 0.127889502483083], [0.46609900235114105, 0.3131702642700375, 0.20799366905550112, 0.1525564681385558], [0.5113845230503705, 0.345565239154018, 0.23227141030560852, 0.17077116685561594], [0.49692254539404856, 0.33837628470024267, 0.2302381934496633, 0.16985403890883952], [0.5069132630347061, 0.3450744407728911, 0.2343492947018027, 0.17221571216328835], [0.4894722450095646, 0.3345334774998425, 0.23023084298666166, 0.1719631959159165], [0.49685282242896284, 0.3432743537425748, 0.240688780222002, 0.182931379341667], [0.4913615567695491, 0.3351920466198783, 0.23140561220723088, 0.17294642535366897], [0.4888066022894977, 0.3307299373166025, 0.2262112675203313, 0.1671102688038274], [0.4902940091032047, 0.32533967288651977, 0.21730325245906384, 0.15800018641514058]]}