{"rouge": [0.3600403355382687, 0.363630692052426, 0.36161534237642545, 0.3513890555675697, 0.3558611014467011, 0.3619558900845625, 0.3506536667880324, 0.3428357732378306, 0.3522759631628555, 0.349963967881142], "bleu": [[0.5043270594911508, 0.3432508648658794, 0.23526190829105814, 0.175476138583092], [0.5060216637369886, 0.34891661552139563, 0.2433727821593688, 0.1835599846255859], [0.4953434708005385, 0.3425662667257086, 0.24369468828261961, 0.18825451650825575], [0.489712961312171, 0.33550908161561505, 0.2330133760794975, 0.17462496077026962], [0.4869732288568098, 0.3337872925895942, 0.23234700061988692, 0.17460209274915386], [0.4837735310556363, 0.3391037421777685, 0.2474150073206637, 0.19454179003574595], [0.4792153638339052, 0.3278682213921598, 0.23053797988529515, 0.17582468108416016], [0.44975206424867614, 0.30830045890275243, 0.21616543911860406, 0.164146828402323], [0.4705250596658655, 0.32654829001429003, 0.233277415489604, 0.1800530201905662], [0.4617641601335939, 0.3189673300831321, 0.22790264401714525, 0.1765323985446058]], "cider": [0.27510924318861546, 0.28535337118863624, 0.28394699495555076, 0.2750913989369133, 0.2792862689100566, 0.2901338193815498, 0.27774683242297915, 0.2664711188593378, 0.2795881677306353, 0.2782852802854614]}