{"cider": [0.20711257054630625, 0.21180909464816808, 0.2221863659769827, 0.2631500444157813, 0.24195194029300957, 0.2738075229148166, 0.27417006154636797, 0.267771052663179, 0.26997554928880224, 0.2696113894920138], "rouge": [0.3359230326498218, 0.3303667387577806, 0.33484835764408266, 0.35748610242745793, 0.3350070076625275, 0.3662452266336795, 0.3586505507208584, 0.3502563151859665, 0.34901202475163573, 0.3495602812607597], "bleu": [[0.47344700284348273, 0.31848151094957294, 0.22099859085920728, 0.1694402973593559], [0.4476093232870872, 0.29965366088115936, 0.20293639987683537, 0.1514388941987371], [0.4841329113173716, 0.31784690005836713, 0.20529245910010346, 0.14491772904497482], [0.5025467730596981, 0.3449756301738719, 0.2394091487479231, 0.18118548756476452], [0.4611072664359808, 0.3070175676817756, 0.205141512549001, 0.149291546411557], [0.5039664918449827, 0.3485713479188142, 0.24456118024138196, 0.18535805505331615], [0.4851381628080601, 0.3337219934889713, 0.23247425816262415, 0.17489400190268148], [0.48362611400902333, 0.32765702422607884, 0.22562338775183105, 0.16792643850349007], [0.4806030950764348, 0.32391955758587265, 0.22169806184609664, 0.16493677763682518], [0.48338638845643883, 0.327161274375494, 0.22227597926456322, 0.16328885592498552]]}