{"bleu": [[0.4840351632138626, 0.33995178867712594, 0.2330761940650858, 0.17061258969731874], [0.5082716320895277, 0.36532326686876615, 0.26131890720908263, 0.20011578467500873], [0.5259621418113296, 0.3718404523565987, 0.26007057126997474, 0.1938226257679927], [0.5367443376242396, 0.37815758556383045, 0.2645751698362368, 0.19655589548499247], [0.5243298040099056, 0.36539964650633033, 0.24991446636786674, 0.1825546648389523], [0.535192035552018, 0.3783492288157114, 0.2657321266753102, 0.19793661326322173], [0.5145559528411224, 0.3658140690936592, 0.25870762144602594, 0.19398832591402024], [0.538713414941306, 0.3861958641050299, 0.2749003745676378, 0.2082410532539355], [0.5361273593438999, 0.37915567056044697, 0.26584873074324933, 0.19747418653620294], [0.5391127624557311, 0.3818885689175872, 0.2692589051530511, 0.20204599099050097]], "cider": [0.24677863125093696, 0.29263384517735386, 0.29380170728221233, 0.3115067552231355, 0.2915302202790793, 0.31969093871852194, 0.3312907887809302, 0.3346322486761859, 0.33405144617019605, 0.3305200293200122], "rouge": [0.34977452267868125, 0.37339948318405053, 0.36487943846937887, 0.3747748114918323, 0.3619366363792668, 0.3749082425132476, 0.3752408692530759, 0.38240371130016576, 0.3813686777186011, 0.3808065048571612]}